{"cameraMode":{"drawMode":0,"name":"Shaded","section":"Shading Mode"},"sceneLighting":true,"audioPlay":false,"sceneViewState":{"showFog":true,"showMaterialUpdate":false,"showSkybox":true,"showFlares":true,"showImageEffects":true,"showParticleSystems":true},"in2DMode":false,"pivot":{"x":0.0,"y":3.491999626159668,"z":-10.261296272277832},"rotation":{"x":0.20315667986869813,"y":0.09178994596004486,"z":-0.019133199006319047,"w":0.9746508598327637},"size":12.510599136352539,"orthographic":false}